<?xml version="1.0" encoding="UTF-8"?><?xml-stylesheet type='text/xsl' href='_UpgradeReport_Files/UpgradeReport.xslt'?><UpgradeLog>
<Properties><Property Name="Solution" Value="Gibberish2">
</Property><Property Name="Solution File" Value="I:\SRC\Gibberish2\Gibberish2.sln">
</Property><Property Name="User Options File" Value="I:\SRC\Gibberish2\Gibberish2.suo">
</Property><Property Name="Date" Value="den 16 juli 2016">
</Property><Property Name="Time" Value="19:02">
</Property></Properties><Event ErrorLevel="0" Project="" Source="Gibberish2.sln" Description="File successfully backed up as I:\SRC\Gibberish2\Backup2008\Backup\Gibberish2.sln">
</Event><Event ErrorLevel="0" Project="" Source="Gibberish2.suo" Description="File successfully backed up as I:\SRC\Gibberish2\Backup2008\Backup\Gibberish2.suo">
</Event><Event ErrorLevel="0" Project="Gibberish2" Source="Gibberish2.vbproj" Description="Project file successfully backed up as I:\SRC\Gibberish2\Backup2008\Backup\Gibberish2.vbproj">
</Event><Event ErrorLevel="0" Project="Gibberish2" Source="Gibberish2.vbproj.user" Description="Project user file successfully backed up as I:\SRC\Gibberish2\Backup2008\Backup\Gibberish2.vbproj.user">
</Event><Event ErrorLevel="0" Project="Gibberish2" Source="Form1.vb" Description="File successfully backed up as I:\SRC\Gibberish2\Backup2008\Backup\Form1.vb">
</Event><Event ErrorLevel="0" Project="Gibberish2" Source="Form1.Designer.vb" Description="File successfully backed up as I:\SRC\Gibberish2\Backup2008\Backup\Form1.Designer.vb">
</Event><Event ErrorLevel="0" Project="Gibberish2" Source="My Project\AssemblyInfo.vb" Description="File successfully backed up as I:\SRC\Gibberish2\Backup2008\Backup\My Project\AssemblyInfo.vb">
</Event><Event ErrorLevel="0" Project="Gibberish2" Source="My Project\Application.Designer.vb" Description="File successfully backed up as I:\SRC\Gibberish2\Backup2008\Backup\My Project\Application.Designer.vb">
</Event><Event ErrorLevel="0" Project="Gibberish2" Source="My Project\Resources.Designer.vb" Description="File successfully backed up as I:\SRC\Gibberish2\Backup2008\Backup\My Project\Resources.Designer.vb">
</Event><Event ErrorLevel="0" Project="Gibberish2" Source="My Project\Settings.Designer.vb" Description="File successfully backed up as I:\SRC\Gibberish2\Backup2008\Backup\My Project\Settings.Designer.vb">
</Event><Event ErrorLevel="0" Project="Gibberish2" Source="My Project\Application.myapp" Description="File successfully backed up as I:\SRC\Gibberish2\Backup2008\Backup\My Project\Application.myapp">
</Event><Event ErrorLevel="0" Project="Gibberish2" Source="My Project\Settings.settings" Description="File successfully backed up as I:\SRC\Gibberish2\Backup2008\Backup\My Project\Settings.settings">
</Event><Event ErrorLevel="0" Project="Gibberish2" Source="Form1.resx" Description="File successfully backed up as I:\SRC\Gibberish2\Backup2008\Backup\Form1.resx">
</Event><Event ErrorLevel="0" Project="Gibberish2" Source="My Project\Resources.resx" Description="File successfully backed up as I:\SRC\Gibberish2\Backup2008\Backup\My Project\Resources.resx">
</Event><Event ErrorLevel="0" Project="Gibberish2" Source="Gibberish2.vbproj" Description="Project converted successfully">
</Event><Event ErrorLevel="3" Project="Gibberish2" Source="Gibberish2.vbproj" Description="Converted">
</Event><Event ErrorLevel="0" Project="" Source="Gibberish2.sln" Description="Solution converted successfully">
</Event><Event ErrorLevel="3" Project="" Source="Gibberish2.sln" Description="Converted">
</Event><Event ErrorLevel="0" Project="Gibberish2" Source="Gibberish2.vbproj" Description="Scan complete: Upgrade not required for project files.">
</Event></UpgradeLog>